,City,Country,Latitude,Temperature (F),Humidity (%),Cloudiness (%),Wind Speed (MPH)
0,Soloneshnoye,RU,51.65,52.01,66,80,5.95
1,Buta,CD,2.79,87.11,71,12,2.93
2,Mataura,NZ,-46.19,46.0,77,8,4.72
3,Yellowknife,CA,62.45,1.47,70,5,8.05
4,Bluff,AU,-23.58,80.45,41,44,10.65
5,Atuona,PF,-9.8,83.33,96,92,15.68
6,Vaini,IN,15.34,95.93,32,0,6.4
7,Puerto del Rosario,ES,28.5,59.0,67,20,4.7
8,Carnarvon,ZA,-30.97,62.18,48,0,14.34
9,Rikitea,PF,-23.12,76.22,100,32,16.69
10,Kerman,IR,30.29,71.6,62,0,4.7
11,Victoria,BN,5.28,87.44,70,75,5.82
12,Liku,ID,-0.73,84.95,76,12,3.38
13,Ilulissat,GL,69.22,26.6,45,20,19.46
14,Busselton,AU,-33.64,70.3,24,0,7.96
15,Rikitea,PF,-23.12,76.22,100,32,16.69
16,Khatanga,RU,71.98,21.32,91,68,12.21
17,Mataura,NZ,-46.19,46.0,77,8,4.72
18,Kodiak,US,39.95,45.18,93,40,5.82
19,Salinopolis,BR,-0.61,79.01,100,92,5.39
20,Mehamn,NO,71.03,30.2,68,40,18.34
21,Chingirlau,KZ,51.09,49.31,100,32,4.5
22,Hilo,US,19.71,68.77,78,90,3.36
23,Jamestown,AU,-33.21,81.98,23,56,13.67
24,Kapaa,US,22.08,68.36,73,40,6.29
25,Bambous Virieux,MU,-20.34,84.65,74,75,11.41
26,Vaini,IN,15.34,95.93,32,0,6.4
27,Ushuaia,AR,-54.81,37.4,100,75,12.75
28,Marabba,SD,12.35,97.37,14,0,13.78
29,Flin Flon,CA,54.77,18.62,68,56,5.17
30,Ancud,CL,-41.87,44.6,100,90,3.36
31,Taoudenni,ML,22.68,73.61,30,24,10.2
32,Nikolskoye,RU,59.7,47.97,45,0,4.47
33,Grindavik,IS,63.84,34.65,100,75,5.82
34,Iquitos,PE,-3.75,77.0,94,40,3.36
35,Muyezerskiy,RU,63.93,34.91,91,88,6.85
36,Ketchikan,US,55.34,45.82,93,90,12.75
37,Igrim,RU,63.19,46.52,53,32,12.21
38,Busselton,AU,-33.64,70.3,24,0,7.96
39,Jega,NG,12.22,95.39,28,0,6.96
40,Isangel,VU,-19.55,75.14,100,92,9.42
41,Ushuaia,AR,-54.81,37.4,100,75,12.75
42,Vaini,IN,15.34,95.93,32,0,6.4
43,Mataura,NZ,-46.19,46.0,77,8,4.72
44,Dunedin,NZ,-45.87,48.0,73,56,2.71
45,Talara,PE,-4.58,68.21,87,0,2.59
46,Norman Wells,CA,65.28,-4.01,76,5,2.24
47,Iquique,CL,-20.22,68.0,82,20,3.36
48,Conceicao do Mato Dentro,BR,-19.04,68.12,89,44,2.71
49,Rikitea,PF,-23.12,76.22,100,32,16.69
50,Bambous Virieux,MU,-20.34,84.65,74,75,11.41
51,San Patricio,PY,-26.98,64.79,99,92,8.75
52,Muroto,JP,33.37,64.4,48,75,4.7
53,Cheremukhovo,RU,56.23,38.42,86,68,6.51
54,Cape Town,ZA,-33.93,63.52,63,20,16.11
55,Lavrentiya,RU,65.58,13.76,74,0,9.42
56,Ishigaki,JP,24.34,71.6,88,75,9.17
57,Punta Arenas,CL,-53.16,48.09,76,75,20.8
58,Mar del Plata,AR,-46.43,53.27,68,24,17.36
59,Mataura,NZ,-46.19,46.0,77,8,4.72
60,Buchanan,LR,5.88,78.38,100,64,5.61
61,Isabela,PH,10.2,88.37,54,48,5.39
62,Hasaki,JP,35.73,66.85,34,20,26.4
63,Jamestown,AU,-33.21,81.98,23,56,13.67
64,Bolobo,CD,-2.17,78.74,86,44,3.83
65,Vega de Alatorre,MX,20.03,64.79,86,0,2.59
66,Sungaipenuh,ID,-2.08,73.52,85,68,0.92
67,Vaini,IN,15.34,95.93,32,0,6.4
68,Mar del Plata,AR,-46.43,53.27,68,24,17.36
69,Butaritari,KI,3.07,84.41,98,92,13.78
70,Muroto,JP,33.37,64.4,48,75,4.7
71,New Norfolk,AU,-42.78,65.64,55,75,10.29
72,Atbasar,KZ,51.81,46.97,84,64,10.42
73,Punta Arenas,CL,-53.16,48.09,76,75,20.8
74,New Norfolk,AU,-42.78,65.64,55,75,10.29
75,Leiyang,CN,26.42,68.93,91,8,4.38
76,Purpe,RU,64.48,36.71,91,44,18.48
77,Talara,PE,-4.58,68.21,87,0,2.59
78,Kapaa,US,22.08,68.36,73,40,6.29
79,Tasiilaq,GL,65.61,23.0,73,44,5.82
80,Bontang,ID,0.12,85.22,88,0,5.84
81,Harper,US,30.3,57.27,71,1,6.96
82,Kodiak,US,39.95,45.18,93,40,5.82
83,Brest,BY,52.09,44.6,57,75,8.95
84,Chokurdakh,RU,70.62,11.24,77,24,2.71
85,Albany,US,42.65,26.49,42,40,2.26
86,Pritzwalk,DE,53.15,51.13,52,12,4.0
87,Chokurdakh,RU,70.62,11.24,77,24,2.71
88,Merauke,ID,-8.49,79.37,99,92,6.62
89,Kahului,US,20.89,68.94,69,20,5.82
90,Rikitea,PF,-23.12,76.22,100,32,16.69
91,Waipawa,NZ,-39.94,51.01,91,92,1.99
92,Tiarei,PF,-17.53,80.29,78,75,13.87
93,Hilo,US,19.71,68.77,78,90,3.36
94,Mataura,NZ,-46.19,46.0,77,8,4.72
95,Jamestown,AU,-33.21,81.98,23,56,13.67
96,Svetlaya,RU,46.54,31.31,98,80,4.61
97,Tuktoyaktuk,CA,69.44,1.61,90,36,3.94
98,Cape Town,ZA,-33.93,63.52,63,20,16.11
99,Serebryansk,KZ,49.68,49.49,96,92,2.04
100,Sayyan,YE,15.17,76.76,38,48,4.27
101,Vaini,IN,15.34,95.93,32,0,6.4
102,Albany,US,42.65,26.49,42,40,2.26
103,Kolyshley,RU,52.7,33.29,96,92,9.42
104,Punta Arenas,CL,-53.16,48.09,76,75,20.8
105,Ushuaia,AR,-54.81,37.4,100,75,12.75
106,Poninka,UA,50.19,50.84,48,32,15.68
107,Port Elizabeth,US,39.31,46.98,42,75,11.41
108,Castro,CL,-42.48,44.6,100,90,3.36
109,Calvinia,ZA,-31.47,53.6,76,20,10.29
110,Dikson,RU,73.51,20.24,100,44,8.86
111,Pacific Grove,US,36.62,52.2,82,90,5.82
112,Atuona,PF,-9.8,83.33,96,92,15.68
113,Mani,GR,41.41,54.89,64,0,4.94
114,Vardo,US,39.62,48.88,61,90,3.36
115,Mataura,NZ,-46.19,46.0,77,8,4.72
116,Bethel,US,60.79,27.95,68,1,16.11
117,Dikson,RU,73.51,20.24,100,44,8.86
118,Ushuaia,AR,-54.81,37.4,100,75,12.75
119,Narsaq,GL,60.91,35.6,34,88,51.67
120,Karema,TZ,-6.82,79.01,68,24,5.39
121,Deputatskiy,RU,69.3,18.44,75,56,3.04
122,Ushuaia,AR,-54.81,37.4,100,75,12.75
123,Bethel,US,60.79,27.95,68,1,16.11
124,Vaini,IN,15.34,95.93,32,0,6.4
125,Senneterre,CA,48.39,5.0,84,1,2.24
126,Tura,IN,25.52,80.72,67,80,4.61
127,Kajiado,KE,-1.85,70.7,73,75,8.05
128,Pauini,BR,-7.71,77.12,92,88,2.48
129,Vysokogornyy,RU,50.1,27.17,70,80,5.06
130,Constitucion,MX,23.99,45.17,49,24,6.4
131,Pochutla,MX,15.74,78.01,79,32,8.19
132,Aragarcas,BR,-15.9,71.18,92,48,2.93
133,Vaini,IN,15.34,95.93,32,0,6.4
134,Ushuaia,AR,-54.81,37.4,100,75,12.75
135,New Norfolk,AU,-42.78,65.64,55,75,10.29
136,Egvekinot,RU,66.32,5.39,71,12,2.71
137,Tazovskiy,RU,67.47,32.48,95,88,16.24
138,Carutapera,BR,-1.2,75.95,99,100,1.59
139,Presidencia Roque Saenz Pena,AR,-26.79,60.83,73,68,18.03
140,Vaini,IN,15.34,95.93,32,0,6.4
141,Cabo Rojo,PR,18.09,72.14,82,0,11.43
142,Hasaki,JP,35.73,66.85,34,20,26.4
143,Albany,US,42.65,26.49,42,40,2.26
144,Saint George,GR,39.45,54.32,76,40,5.82
145,Albany,US,42.65,26.49,42,40,2.26
146,San Carlos,VE,9.66,70.64,78,0,6.62
147,Saint-Philippe,CA,45.36,22.55,53,1,4.7
148,Yellowknife,CA,62.45,1.47,70,5,8.05
149,Victoria,BN,5.28,87.44,70,75,5.82
150,Tuktoyaktuk,CA,69.44,1.61,90,36,3.94
151,Riyadh,SA,24.63,80.6,34,40,12.75
152,Antofagasta,CL,-23.65,62.6,88,75,5.82
153,Mataura,NZ,-46.19,46.0,77,8,4.72
154,Chuy,UY,-33.69,65.96,89,20,26.08
155,Awbari,LY,26.59,75.14,41,92,9.19
156,Ushuaia,AR,-54.81,37.4,100,75,12.75
157,Butaritari,KI,3.07,84.41,98,92,13.78
158,Te Anau,NZ,-45.41,32.93,85,12,2.37
159,Puerto Ayora,EC,-0.74,76.76,100,48,4.94
160,Biltine,TD,14.53,97.73,13,0,14.0
161,Yellowknife,CA,62.45,1.47,70,5,8.05
162,Muros,ES,42.77,42.24,93,75,8.05
163,Pevek,RU,69.7,8.9,85,48,2.59
164,Hobart,AU,-42.88,65.64,55,75,10.29
165,East London,ZA,-33.02,60.8,100,90,11.41
166,Tuktoyaktuk,CA,69.44,1.61,90,36,3.94
167,Nanortalik,GL,60.14,30.86,92,92,46.44
168,Ancud,CL,-41.87,44.6,100,90,3.36
169,Albany,US,42.65,26.49,42,40,2.26
170,Rikitea,PF,-23.12,76.22,100,32,16.69
171,Qaanaaq,GL,77.48,0.44,71,24,7.63
172,Tiksi,RU,71.64,30.14,68,8,3.15
173,Rikitea,PF,-23.12,76.22,100,32,16.69
174,Ushuaia,AR,-54.81,37.4,100,75,12.75
175,Tiksi,RU,71.64,30.14,68,8,3.15
176,Paracuru,BR,-3.41,75.54,88,75,4.7
177,Labuhan,ID,-2.54,81.44,76,92,3.04
178,Arraial do Cabo,BR,-22.97,77.39,93,0,18.25
179,Saskylakh,RU,71.97,18.62,83,20,7.18
180,Ushuaia,AR,-54.81,37.4,100,75,12.75
181,Topalu,RO,44.54,52.5,61,75,18.34
182,Hilo,US,19.71,68.77,78,90,3.36
183,Owatonna,US,44.08,36.23,93,90,10.29
184,Concepcion,CO,9.56,78.56,67,44,2.37
185,Fortuna,ES,38.18,55.17,81,0,1.12
186,Yaan,NG,7.38,87.65,70,0,12.44
187,Digha,IN,21.62,81.98,95,48,16.91
188,Jamestown,AU,-33.21,81.98,23,56,13.67
189,Tasiilaq,GL,65.61,23.0,73,44,5.82
190,Cockburn Town,TC,21.46,78.92,96,56,18.14
191,Tonekabon,IR,36.82,59.0,87,75,6.93
192,Laguna,MX,27.52,58.58,82,8,2.37
193,Naze,NG,5.43,75.2,94,40,2.24
194,Hithadhoo,MV,-0.6,84.41,100,0,5.39
195,Barrow,AR,-38.31,51.92,74,0,8.3
196,Qaanaaq,GL,77.48,0.44,71,24,7.63
197,Alofi,NU,-19.06,78.8,88,76,6.93
198,Rikitea,PF,-23.12,76.22,100,32,16.69
199,Yanam,IN,16.73,95.0,50,12,10.29
200,Puerto Ayora,EC,-0.74,76.76,100,48,4.94
201,Kijang,KR,35.24,68.0,42,0,17.22
202,Carutapera,BR,-1.2,75.95,99,100,1.59
203,Port Keats,AU,-14.25,86.57,75,20,15.79
204,Rikitea,PF,-23.12,76.22,100,32,16.69
205,Rome,IT,41.89,50.09,100,0,1.12
206,Butaritari,KI,3.07,84.41,98,92,13.78
207,Longyearbyen,NO,78.22,26.6,79,75,26.4
208,Punta Arenas,CL,-53.16,48.09,76,75,20.8
209,Pinheiro Machado,BR,-31.58,60.29,91,92,16.24
210,Bluff,AU,-23.58,80.45,41,44,10.65
211,Ponta do Sol,BR,-20.63,65.06,90,56,3.15
212,Ushuaia,AR,-54.81,37.4,100,75,12.75
213,Pacifica,US,37.61,53.37,87,90,8.05
214,Cape Town,ZA,-33.93,63.52,63,20,16.11
215,Arraial do Cabo,BR,-22.97,77.39,93,0,18.25
216,Pisco,PE,-13.71,68.0,88,0,5.82
217,Cidreira,BR,-30.17,71.45,98,100,13.78
218,Rikitea,PF,-23.12,76.22,100,32,16.69
219,Busselton,AU,-33.64,70.3,24,0,7.96
220,Tuatapere,NZ,-46.13,46.0,77,8,8.75
221,Constitucion,MX,23.99,45.17,49,24,6.4
222,Sao Joao da Barra,BR,-21.64,81.08,96,0,20.49
223,Saskylakh,RU,71.97,18.62,83,20,7.18
224,Butaritari,KI,3.07,84.41,98,92,13.78
225,Bredasdorp,ZA,-34.53,60.33,87,68,3.36
226,Georgetown,GY,6.8,77.39,73,24,6.17
227,Pitmedden,GB,57.34,43.5,87,40,9.17
228,Mataura,NZ,-46.19,46.0,77,8,4.72
229,Spirovo,RU,57.42,49.67,63,20,8.08
230,Richards Bay,ZA,-28.77,67.49,100,100,13.78
231,Tasiilaq,GL,65.61,23.0,73,44,5.82
232,Dapdap,PH,14.05,86.0,67,0,1.99
233,Saeby,DK,57.33,44.6,81,0,10.29
234,Ambilobe,MG,-13.19,86.12,89,24,2.71
235,Mataura,NZ,-46.19,46.0,77,8,4.72
236,Hasaki,JP,35.73,66.85,34,20,26.4
237,Carnarvon,ZA,-30.97,62.18,48,0,14.34
238,Qaanaaq,GL,77.48,0.44,71,24,7.63
239,Busselton,AU,-33.64,70.3,24,0,7.96
240,Hithadhoo,MV,-0.6,84.41,100,0,5.39
241,Albany,US,42.65,26.49,42,40,2.26
242,Muroto,JP,33.37,64.4,48,75,4.7
243,Hobart,AU,-42.88,65.64,55,75,10.29
244,Punta Arenas,CL,-53.16,48.09,76,75,20.8
245,Grootfontein,NA,-19.56,78.38,41,8,7.29
246,Ushuaia,AR,-54.81,37.4,100,75,12.75
247,Sibolga,ID,1.74,75.32,97,76,1.59
248,Ribeira Grande,PT,38.52,55.4,58,75,6.93
249,Sitka,US,37.17,46.99,91,12,8.75
250,Saint-Philippe,CA,45.36,22.55,53,1,4.7
251,Qaanaaq,GL,77.48,0.44,71,24,7.63
252,Ushuaia,AR,-54.81,37.4,100,75,12.75
253,Chokurdakh,RU,70.62,11.24,77,24,2.71
254,Vila,IT,45.18,47.84,66,0,2.24
255,Xuddur,SO,4.12,91.34,41,0,13.33
256,Shelburne,CA,44.08,27.21,85,1,12.66
257,Namatanai,PG,-3.66,82.34,100,48,2.59
258,Carnarvon,ZA,-30.97,62.18,48,0,14.34
259,Kapaa,US,22.08,68.36,73,40,6.29
260,Atuona,PF,-9.8,83.33,96,92,15.68
261,Xiaoshi,CN,30.59,69.29,60,76,5.17
262,Ushuaia,AR,-54.81,37.4,100,75,12.75
263,Kapaa,US,22.08,68.36,73,40,6.29
264,Ushuaia,AR,-54.81,37.4,100,75,12.75
265,Vera Cruz,BR,-22.22,73.97,78,64,6.06
266,Mataura,NZ,-46.19,46.0,77,8,4.72
267,San Patricio,PY,-26.98,64.79,99,92,8.75
268,Arraial do Cabo,BR,-22.97,77.39,93,0,18.25
269,Chokurdakh,RU,70.62,11.24,77,24,2.71
270,Ust-Nera,RU,64.57,19.34,83,32,1.92
271,Ponta do Sol,BR,-20.63,65.06,90,56,3.15
272,Vila Franca do Campo,PT,37.72,54.37,62,75,11.41
273,Tupik,RU,54.43,31.4,59,68,4.16
274,Baykit,RU,61.68,26.27,73,76,5.39
275,Wanning,AT,48.64,44.53,81,75,8.05
276,Ushuaia,AR,-54.81,37.4,100,75,12.75
277,Calimete,CU,22.53,71.6,94,32,3.36
278,Thompson,CA,55.74,8.6,92,5,5.82
279,Atuona,PF,-9.8,83.33,96,92,15.68
280,Hay River,CA,60.82,3.2,71,20,2.93
281,San Cristobal,EC,-0.39,51.6,93,75,2.24
282,Vila Franca do Campo,PT,37.72,54.37,62,75,11.41
283,Qaanaaq,GL,77.48,0.44,71,24,7.63
284,Isangel,VU,-19.55,75.14,100,92,9.42
285,Vilhena,BR,-12.74,72.08,94,80,2.93
286,Rikitea,PF,-23.12,76.22,100,32,16.69
287,Mataura,NZ,-46.19,46.0,77,8,4.72
288,Busselton,AU,-33.64,70.3,24,0,7.96
289,Mataura,NZ,-46.19,46.0,77,8,4.72
290,Jamestown,AU,-33.21,81.98,23,56,13.67
291,College Place,US,46.05,49.66,81,40,5.82
292,Port Hardy,CA,50.7,50.0,71,90,17.22
293,Hualmay,PE,-11.1,62.09,94,36,1.59
294,East London,ZA,-33.02,60.8,100,90,11.41
295,Puerto Ayora,EC,-0.74,76.76,100,48,4.94
296,Srednekolymsk,RU,67.46,18.8,83,12,3.94
297,Mataura,NZ,-46.19,46.0,77,8,4.72
298,Qaanaaq,GL,77.48,0.44,71,24,7.63
299,Tuktoyaktuk,CA,69.44,1.61,90,36,3.94
300,Atuona,PF,-9.8,83.33,96,92,15.68
301,Sola,NO,58.89,54.52,50,0,12.75
302,Atuona,PF,-9.8,83.33,96,92,15.68
303,Yerbogachen,RU,61.28,29.15,66,88,5.28
304,Castro,CL,-42.48,44.6,100,90,3.36
305,Wanning,AT,48.64,44.53,81,75,8.05
306,Khandbari,NP,27.38,42.92,71,24,0.25
307,Qianguo,CN,45.12,44.99,48,0,12.44
308,Mataura,NZ,-46.19,46.0,77,8,4.72
309,Puerto Ayora,EC,-0.74,76.76,100,48,4.94
310,Cape Town,ZA,-33.93,63.52,63,20,16.11
311,Rikitea,PF,-23.12,76.22,100,32,16.69
312,Buchanan,LR,5.88,78.38,100,64,5.61
313,Hvide Sande,DK,56.01,45.66,87,8,5.82
314,Kapaa,US,22.08,68.36,73,40,6.29
315,Klaksvik,FO,62.23,44.6,70,12,9.17
316,Pontes e Lacerda,BR,-15.23,72.98,91,36,4.05
317,Albany,US,42.65,26.49,42,40,2.26
318,San Rafael,AR,-34.61,42.02,57,0,3.83
319,Rikitea,PF,-23.12,76.22,100,32,16.69
320,Punta Arenas,CL,-53.16,48.09,76,75,20.8
321,Pevek,RU,69.7,8.9,85,48,2.59
322,Digby,CA,44.62,28.96,62,0,21.0
323,Bluff,AU,-23.58,80.45,41,44,10.65
324,Jamestown,AU,-33.21,81.98,23,56,13.67
325,Rikitea,PF,-23.12,76.22,100,32,16.69
326,Adrar,DZ,27.87,60.8,77,0,9.17
327,Hermanus,ZA,-34.42,62.78,86,0,4.38
328,Rio Gallegos,AR,-51.62,46.4,70,90,17.22
329,Ribas do Rio Pardo,BR,-20.45,72.53,90,0,8.19
330,Vaini,IN,15.34,95.93,32,0,6.4
331,Ostrovnoy,RU,68.05,29.33,96,20,6.96
332,Kapaa,US,22.08,68.36,73,40,6.29
333,Mashpee,US,41.65,32.54,39,1,4.7
334,Avarua,CK,-21.21,71.6,88,68,2.24
335,Nanortalik,GL,60.14,30.86,92,92,46.44
336,Jamestown,AU,-33.21,81.98,23,56,13.67
337,Saint-Philippe,CA,45.36,22.55,53,1,4.7
338,Cape Town,ZA,-33.93,63.52,63,20,16.11
339,Mar del Plata,AR,-46.43,53.27,68,24,17.36
340,Nome,US,30.04,69.39,94,90,3.36
341,Ushuaia,AR,-54.81,37.4,100,75,12.75
342,Souillac,FR,45.6,46.65,56,0,11.41
343,Cidreira,BR,-30.17,71.45,98,100,13.78
344,Hasaki,JP,35.73,66.85,34,20,26.4
345,Port Elizabeth,US,39.31,46.98,42,75,11.41
346,Puerto Ayora,EC,-0.74,76.76,100,48,4.94
347,Hobart,AU,-42.88,65.64,55,75,10.29
348,Thap Than,TH,15.46,92.51,49,12,4.16
349,Klaksvik,FO,62.23,44.6,70,12,9.17
350,Leningradskiy,RU,69.38,1.7,69,0,3.6
351,Buala,SB,-8.15,84.23,84,92,6.96
352,Kapaa,US,22.08,68.36,73,40,6.29
353,Albany,US,42.65,26.49,42,40,2.26
354,Derzhavinsk,KZ,51.1,49.04,97,32,9.42
355,Vaini,IN,15.34,95.93,32,0,6.4
356,Cherskiy,RU,68.75,7.64,68,32,3.15
357,Punta Arenas,CL,-53.16,48.09,76,75,20.8
358,Qaanaaq,GL,77.48,0.44,71,24,7.63
359,Rocha,UY,-34.48,59.84,89,44,15.79
360,Georgetown,GY,6.8,77.39,73,24,6.17
361,Punta Arenas,CL,-53.16,48.09,76,75,20.8
362,Rikitea,PF,-23.12,76.22,100,32,16.69
363,Port Blair,IN,11.67,85.58,100,8,3.15
364,Shu,KZ,43.6,71.9,29,80,13.0
365,Tazovskiy,RU,67.47,32.48,95,88,16.24
366,Butaritari,KI,3.07,84.41,98,92,13.78
367,Chokurdakh,RU,70.62,11.24,77,24,2.71
368,Provideniya,RU,64.42,20.87,96,0,17.36
369,Aljezur,PT,37.31,49.01,88,20,21.5
370,Vaini,IN,15.34,95.93,32,0,6.4
371,Weinfelden,CH,47.57,37.62,86,90,2.24
372,Barrow,AR,-38.31,51.92,74,0,8.3
373,Severo-Kurilsk,RU,50.68,33.02,96,92,9.86
374,Koson,UZ,39.04,78.8,47,0,9.17
375,Voh,NC,-20.95,79.82,95,0,18.48
376,Thompson,CA,55.74,8.6,92,5,5.82
377,Puerto Ayora,EC,-0.74,76.76,100,48,4.94
378,Punta Arenas,CL,-53.16,48.09,76,75,20.8
379,Fortuna,ES,38.18,55.17,81,0,1.12
380,Punta Arenas,CL,-53.16,48.09,76,75,20.8
381,Bredasdorp,ZA,-34.53,60.33,87,68,3.36
382,Punta Arenas,CL,-53.16,48.09,76,75,20.8
383,Opuwo,NA,-18.06,84.77,33,0,3.38
384,Mar del Plata,AR,-46.43,53.27,68,24,17.36
385,Thompson,CA,55.74,8.6,92,5,5.82
386,Nikolskoye,RU,59.7,47.97,45,0,4.47
387,Rikitea,PF,-23.12,76.22,100,32,16.69
388,Iwanai,JP,42.97,38.24,100,88,23.06
389,Mandalgovi,MN,45.76,50.03,63,88,7.4
390,Chunhuhub,MX,19.59,75.59,80,0,4.5
391,Concordia,AR,-31.4,60.01,75,12,8.01
392,Rikitea,PF,-23.12,76.22,100,32,16.69
393,Cape Town,ZA,-33.93,63.52,63,20,16.11
394,Kruisfontein,ZA,-34.0,61.46,92,44,5.39
395,Mataura,NZ,-46.19,46.0,77,8,4.72
396,Nigde,TR,37.97,50.21,63,32,3.27
397,Yellowknife,CA,62.45,1.47,70,5,8.05
398,Rikitea,PF,-23.12,76.22,100,32,16.69
399,Esperance,TT,10.24,74.79,83,20,6.29
400,Tiksi,RU,71.64,30.14,68,8,3.15
401,Victoria,BN,5.28,87.44,70,75,5.82
402,Cape Town,ZA,-33.93,63.52,63,20,16.11
403,Albany,US,42.65,26.49,42,40,2.26
404,Talnakh,RU,69.49,22.22,89,64,15.57
405,Quba,AZ,41.36,53.27,89,8,4.27
406,Kodiak,US,39.95,45.18,93,40,5.82
407,Qaanaaq,GL,77.48,0.44,71,24,7.63
408,Salalah,OM,17.01,86.0,62,40,6.93
409,Saint-Philippe,CA,45.36,22.55,53,1,4.7
410,Ponta do Sol,BR,-20.63,65.06,90,56,3.15
411,Port-Gentil,GA,-0.72,75.2,94,20,5.82
412,Kapaa,US,22.08,68.36,73,40,6.29
413,Suntar,RU,62.16,39.95,44,36,2.37
414,Avarua,CK,-21.21,71.6,88,68,2.24
415,Rikitea,PF,-23.12,76.22,100,32,16.69
416,Pangnirtung,CA,66.15,12.2,72,90,14.99
417,Hermanus,ZA,-34.42,62.78,86,0,4.38
418,Hasaki,JP,35.73,66.85,34,20,26.4
419,Punta Arenas,CL,-53.16,48.09,76,75,20.8
420,Port Alfred,ZA,-33.59,62.01,96,88,1.01
421,Akdepe,TM,42.05,54.48,54,0,11.41
422,Hilo,US,19.71,68.77,78,90,3.36
423,Port Augusta,AU,-32.49,92.5,14,44,18.34
424,Punta Arenas,CL,-53.16,48.09,76,75,20.8
425,Punta Arenas,CL,-53.16,48.09,76,75,20.8
426,Bulgan,MN,48.81,34.28,48,24,6.29
427,Albany,US,42.65,26.49,42,40,2.26
428,Hermanus,ZA,-34.42,62.78,86,0,4.38
429,Busselton,AU,-33.64,70.3,24,0,7.96
430,Talnakh,RU,69.49,22.22,89,64,15.57
431,Blythe,US,33.61,65.16,48,1,8.05
432,Amazar,RU,53.86,32.48,50,80,4.5
433,Thompson,CA,55.74,8.6,92,5,5.82
434,Barrow,AR,-38.31,51.92,74,0,8.3
435,Wangaratta,AU,-36.36,76.69,36,40,12.75
436,Cherskiy,RU,68.75,7.64,68,32,3.15
437,Puerto Ayora,EC,-0.74,76.76,100,48,4.94
438,Hermanus,ZA,-34.42,62.78,86,0,4.38
439,Dikson,RU,73.51,20.24,100,44,8.86
440,Mangulile,HN,15.04,61.82,95,36,1.59
441,Sri Aman,MY,1.24,93.2,59,75,3.36
442,Bethel,US,60.79,27.95,68,1,16.11
443,Punta Arenas,CL,-53.16,48.09,76,75,20.8
444,Atuona,PF,-9.8,83.33,96,92,15.68
445,Hilo,US,19.71,68.77,78,90,3.36
446,Bluff,AU,-23.58,80.45,41,44,10.65
447,Ilulissat,GL,69.22,26.6,45,20,19.46
448,Ushuaia,AR,-54.81,37.4,100,75,12.75
449,Kapaa,US,22.08,68.36,73,40,6.29
450,Punta Arenas,CL,-53.16,48.09,76,75,20.8
451,Cabo San Lucas,MX,22.89,66.27,92,32,5.01
452,Llangefni,GB,53.26,42.04,75,88,10.29
453,Koutiala,ML,12.39,89.36,30,12,10.87
454,Albany,US,42.65,26.49,42,40,2.26
455,Butaritari,KI,3.07,84.41,98,92,13.78
456,Kodiak,US,39.95,45.18,93,40,5.82
457,Rikitea,PF,-23.12,76.22,100,32,16.69
458,Atuona,PF,-9.8,83.33,96,92,15.68
459,Antalaha,MG,-14.9,84.32,85,48,7.52
460,Hobart,AU,-42.88,65.64,55,75,10.29
461,Quatre Cocos,MU,-20.21,84.61,74,75,11.41
462,Jalu,LY,29.03,76.22,41,80,10.2
463,Mar del Plata,AR,-46.43,53.27,68,24,17.36
464,Kodinsk,RU,58.6,36.08,57,88,7.74
465,Roald,NO,62.58,40.98,81,0,5.82
466,Ouango,CD,4.31,88.46,64,0,3.15
467,Ventspils,LV,57.39,44.6,52,0,4.7
468,Ushuaia,AR,-54.81,37.4,100,75,12.75
469,Saint-Louis,CH,47.59,36.7,93,75,4.7
470,Ixtapa,MX,20.71,73.69,88,75,1.92
471,Cape Town,ZA,-33.93,63.52,63,20,16.11
472,San Cristobal,EC,-0.39,51.6,93,75,2.24
473,East London,ZA,-33.02,60.8,100,90,11.41
474,Bluff,AU,-23.58,80.45,41,44,10.65
475,Vaini,IN,15.34,95.93,32,0,6.4
476,Portland,US,45.52,49.77,87,90,11.41
477,Bethel,US,60.79,27.95,68,1,16.11
478,Hermanus,ZA,-34.42,62.78,86,0,4.38
479,Wamba,CD,2.14,87.11,68,0,3.04
480,Port Elizabeth,US,39.31,46.98,42,75,11.41
481,Norden,DE,53.59,42.91,93,90,3.36
482,Sao Filipe,CV,14.9,70.28,97,12,16.58
483,Ushuaia,AR,-54.81,37.4,100,75,12.75
484,Airai,TL,-8.93,80.09,56,20,2.59
485,Punta Arenas,CL,-53.16,48.09,76,75,20.8
486,Pangkalanbuun,ID,-2.68,83.96,90,48,1.7
487,Hambantota,LK,6.12,91.4,59,75,8.05
488,Rikitea,PF,-23.12,76.22,100,32,16.69
489,Narsaq,GL,60.91,35.6,34,88,51.67
490,Okha,RU,53.59,29.69,89,0,13.89
491,Lompoc,US,34.64,49.17,87,90,3.83
492,Ostrovnoy,RU,68.05,29.33,96,20,6.96
493,Geraldton,CA,49.72,26.6,68,75,12.75
494,Mataura,NZ,-46.19,46.0,77,8,4.72
495,Ushuaia,AR,-54.81,37.4,100,75,12.75
496,Castro,CL,-42.48,44.6,100,90,3.36
497,Vaini,IN,15.34,95.93,32,0,6.4
498,George,NG,6.63,77.0,94,20,3.36
499,Albany,US,42.65,26.49,42,40,2.26
500,Albany,US,42.65,26.49,42,40,2.26
501,Muravlenko,RU,63.79,36.98,92,8,17.58
502,Albany,US,42.65,26.49,42,40,2.26
503,Butaritari,KI,3.07,84.41,98,92,13.78
504,Khatanga,RU,71.98,21.32,91,68,12.21
505,Yablonovo,RU,50.85,41.0,60,0,4.47
506,Ust-Ilimsk,RU,57.96,33.56,41,0,4.05
507,Jamestown,AU,-33.21,81.98,23,56,13.67
508,Hobart,AU,-42.88,65.64,55,75,10.29
509,Bethel,US,60.79,27.95,68,1,16.11
510,Wanaka,NZ,-44.7,28.43,94,12,2.15
511,Rikitea,PF,-23.12,76.22,100,32,16.69
512,Dzilam Gonzalez,MX,21.28,75.68,79,0,6.29
513,Rikitea,PF,-23.12,76.22,100,32,16.69
514,Jamestown,AU,-33.21,81.98,23,56,13.67
515,Ushuaia,AR,-54.81,37.4,100,75,12.75
516,Albany,US,42.65,26.49,42,40,2.26
517,Rikitea,PF,-23.12,76.22,100,32,16.69
518,Blagoyevo,RU,63.37,41.84,57,48,3.71
519,Kapaa,US,22.08,68.36,73,40,6.29
520,Hobart,AU,-42.88,65.64,55,75,10.29
521,Ponta do Sol,BR,-20.63,65.06,90,56,3.15
522,Ribeira Grande,PT,38.52,55.4,58,75,6.93
523,Antofagasta,CL,-23.65,62.6,88,75,5.82
524,Kununurra,AU,-15.77,100.4,33,40,14.99
525,Sinnamary,GF,5.38,78.83,100,80,10.54
526,Busselton,AU,-33.64,70.3,24,0,7.96
527,Bluff,AU,-23.58,80.45,41,44,10.65
528,Noumea,NC,-22.28,77.0,65,20,14.99
529,Carauari,BR,-4.88,75.32,94,76,0.69
530,Albany,US,42.65,26.49,42,40,2.26
531,Barrow,AR,-38.31,51.92,74,0,8.3
532,Grindavik,IS,63.84,34.65,100,75,5.82
533,Banjar,ID,-7.37,80.09,80,76,3.38
534,Port Alfred,ZA,-33.59,62.01,96,88,1.01
535,Lagoa,PT,37.14,49.66,81,40,13.87
536,Corner Brook,CA,48.95,26.02,79,90,23.04
537,Chubbuck,US,42.93,46.13,87,90,6.93
538,Cabo San Lucas,MX,22.89,66.27,92,32,5.01
539,Garden City,US,40.73,38.35,32,1,9.17
540,Kapaa,US,22.08,68.36,73,40,6.29
541,Port Alfred,ZA,-33.59,62.01,96,88,1.01
542,Kaitangata,NZ,-46.28,46.0,67,8,5.99
543,Kauhajoki,FI,62.43,33.22,83,90,5.82
544,Bluff,AU,-23.58,80.45,41,44,10.65
545,Mataura,NZ,-46.19,46.0,77,8,4.72
546,Codrington,AU,-28.95,70.95,73,90,3.94
547,Laguna,MX,27.52,58.58,82,8,2.37
548,Upernavik,GL,72.79,8.27,100,36,3.49
549,Komsomolskiy,RU,67.55,24.83,94,80,26.87
550,Carnarvon,ZA,-30.97,62.18,48,0,14.34
551,Lasa,CY,34.92,65.19,68,20,2.24
552,Rikitea,PF,-23.12,76.22,100,32,16.69
553,Cape Town,ZA,-33.93,63.52,63,20,16.11
554,Oistins,BB,13.07,77.0,73,40,20.8
555,Cape Town,ZA,-33.93,63.52,63,20,16.11
556,New Norfolk,AU,-42.78,65.64,55,75,10.29
557,Marawi,PH,8.0,82.0,78,76,5.01
558,Katsuura,JP,33.93,65.77,63,75,9.17
559,Vila Velha,BR,-3.71,75.4,88,75,4.7
560,Rikitea,PF,-23.12,76.22,100,32,16.69
561,Ribeira Grande,PT,38.52,55.4,58,75,6.93
562,Georgetown,GY,6.8,77.39,73,24,6.17
563,Yulara,AU,-25.24,95.0,10,0,9.17
564,Esperance,TT,10.24,74.79,83,20,6.29
565,Hermanus,ZA,-34.42,62.78,86,0,4.38
566,Isangel,VU,-19.55,75.14,100,92,9.42
567,Grindavik,IS,63.84,34.65,100,75,5.82
568,Faanui,PF,-16.48,84.77,100,64,11.43
569,Bosaso,SO,11.28,91.4,29,0,25.28
570,Hobart,AU,-42.88,65.64,55,75,10.29
571,Cape Town,ZA,-33.93,63.52,63,20,16.11
572,Provideniya,RU,64.42,20.87,96,0,17.36
573,Hilo,US,19.71,68.77,78,90,3.36
574,Yatou,CM,3.63,77.0,100,75,6.73
575,Bluff,AU,-23.58,80.45,41,44,10.65
576,Haines Junction,CA,60.75,17.99,87,80,2.15
577,Rocha,UY,-34.48,59.84,89,44,15.79
578,Mehamn,NO,71.03,30.2,68,40,18.34
579,Arraial do Cabo,BR,-22.97,77.39,93,0,18.25
580,Baghdad,IQ,33.3,71.36,61,68,17.36
581,Nelson Bay,AU,-32.72,70.83,78,40,9.17
582,Gimli,CA,50.63,34.95,99,68,3.0
583,Saint-Philippe,CA,45.36,22.55,53,1,4.7
584,Pochutla,MX,15.74,78.01,79,32,8.19
585,Vaini,IN,15.34,95.93,32,0,6.4
586,Kwinana,AU,-32.25,74.17,46,0,17.22
587,Praia,BR,-20.25,69.8,88,0,4.7
588,Salinopolis,BR,-0.61,79.01,100,92,5.39
589,New Norfolk,AU,-42.78,65.64,55,75,10.29
590,Rikitea,PF,-23.12,76.22,100,32,16.69
591,Grafton,AU,-29.69,69.64,60,76,6.93
592,Ushuaia,AR,-54.81,37.4,100,75,12.75
593,Derbent,RU,42.06,52.64,77,0,3.6
594,Arraial do Cabo,BR,-22.97,77.39,93,0,18.25
595,Gamba,CN,28.28,31.13,80,20,1.81
596,Nanortalik,GL,60.14,30.86,92,92,46.44
597,Grand Gaube,MU,-20.01,84.56,74,75,11.41
598,Longyearbyen,NO,78.22,26.6,79,75,26.4
599,Kenai,US,60.55,33.51,74,90,18.34
600,Saint-Philippe,CA,45.36,22.55,53,1,4.7
601,Busselton,AU,-33.64,70.3,24,0,7.96
602,Thunder Bay,CA,48.41,30.43,86,90,5.82
603,Hambantota,LK,6.12,91.4,59,75,8.05
604,Cape Town,ZA,-33.93,63.52,63,20,16.11
605,Tasiilaq,GL,65.61,23.0,73,44,5.82
606,Taihe,CN,26.8,69.29,79,0,3.6
607,Ushuaia,AR,-54.81,37.4,100,75,12.75
608,Ushuaia,AR,-54.81,37.4,100,75,12.75
609,Kokopo,PG,-4.34,80.18,100,12,3.71
610,Atuona,PF,-9.8,83.33,96,92,15.68
611,Thompson,CA,55.74,8.6,92,5,5.82
612,Cape Town,ZA,-33.93,63.52,63,20,16.11
613,Hermanus,ZA,-34.42,62.78,86,0,4.38
614,Kapaa,US,22.08,68.36,73,40,6.29
615,Avarua,CK,-21.21,71.6,88,68,2.24
616,Mataura,NZ,-46.19,46.0,77,8,4.72
617,Fabiansebestyen,HU,46.68,56.5,41,0,11.41
618,Hermanus,ZA,-34.42,62.78,86,0,4.38
619,Ushuaia,AR,-54.81,37.4,100,75,12.75
620,Rikitea,PF,-23.12,76.22,100,32,16.69
621,Hermanus,ZA,-34.42,62.78,86,0,4.38
622,Yellowknife,CA,62.45,1.47,70,5,8.05
623,Oum Hadjer,TD,13.3,97.55,15,0,12.21
624,Mataura,NZ,-46.19,46.0,77,8,4.72
625,Jamestown,AU,-33.21,81.98,23,56,13.67
626,San Patricio,PY,-26.98,64.79,99,92,8.75
627,Yatou,CM,3.63,77.0,100,75,6.73
628,Yellowknife,CA,62.45,1.47,70,5,8.05
629,Leningradskiy,RU,69.38,1.7,69,0,3.6
630,New Norfolk,AU,-42.78,65.64,55,75,10.29
631,Katobu,ID,-4.94,85.58,86,36,4.72
632,Airai,TL,-8.93,80.09,56,20,2.59
633,Tuktoyaktuk,CA,69.44,1.61,90,36,3.94
634,Estevan,CA,49.14,36.9,100,90,5.82
635,Hithadhoo,MV,-0.6,84.41,100,0,5.39
636,Castro,CL,-42.48,44.6,100,90,3.36
637,Carnduff,CA,49.17,39.0,93,0,7.0
638,Bluff,AU,-23.58,80.45,41,44,10.65
639,Horta,ES,41.43,49.77,75,75,15.9
640,Hearst,CA,49.69,22.04,59,32,7.29
641,Chuy,UY,-33.69,65.96,89,20,26.08
642,Atar,MR,20.52,65.42,48,12,6.17
643,Atuona,PF,-9.8,83.33,96,92,15.68
644,Hermanus,ZA,-34.42,62.78,86,0,4.38
645,Nogliki,RU,51.8,31.94,91,80,15.46
646,Hilo,US,19.71,68.77,78,90,3.36
647,Punta Arenas,CL,-53.16,48.09,76,75,20.8
648,Leningradskiy,RU,69.38,1.7,69,0,3.6
649,Bealanana,MG,-14.54,79.73,72,20,1.36
650,San Policarpo,PH,12.18,80.36,92,80,8.75
651,Kawalu,ID,-7.38,74.6,85,92,2.71
652,Mar del Plata,AR,-46.43,53.27,68,24,17.36
653,Hermanus,ZA,-34.42,62.78,86,0,4.38
654,Port Hardy,CA,50.7,50.0,71,90,17.22
655,Castro,CL,-42.48,44.6,100,90,3.36
656,Vaini,IN,15.34,95.93,32,0,6.4
657,Bluff,AU,-23.58,80.45,41,44,10.65
658,Avarua,CK,-21.21,71.6,88,68,2.24
659,Victoria,BN,5.28,87.44,70,75,5.82
660,Punta Arenas,CL,-53.16,48.09,76,75,20.8
661,Puro,PH,13.13,84.41,63,8,5.73
662,Hermanus,ZA,-34.42,62.78,86,0,4.38
663,Magnolia,US,33.27,56.66,87,90,2.71
664,Georgetown,GY,6.8,77.39,73,24,6.17
665,Albany,US,42.65,26.49,42,40,2.26
666,Hermanus,ZA,-34.42,62.78,86,0,4.38
667,San Cristobal,EC,-0.39,51.6,93,75,2.24
668,Port Alfred,ZA,-33.59,62.01,96,88,1.01
669,Bluff,AU,-23.58,80.45,41,44,10.65
670,Ballina,IE,54.11,39.52,100,75,11.41
671,New Norfolk,AU,-42.78,65.64,55,75,10.29
672,Moerai,PF,-22.43,78.2,100,0,1.92
673,Sorong,ID,-0.86,84.5,96,88,3.83
674,Port Alfred,ZA,-33.59,62.01,96,88,1.01
675,Zharkent,KZ,44.17,47.87,73,48,2.71
676,Atuona,PF,-9.8,83.33,96,92,15.68
677,Chapais,CA,49.78,-5.81,83,1,2.24
678,Upernavik,GL,72.79,8.27,100,36,3.49
679,Narva-Joesuu,EE,59.46,48.41,55,8,3.27
680,Rikitea,PF,-23.12,76.22,100,32,16.69
681,New Norfolk,AU,-42.78,65.64,55,75,10.29
682,Castro,CL,-42.48,44.6,100,90,3.36
683,Tamiahua,MX,21.28,73.61,97,32,0.92
684,Luwingu,ZM,-10.26,75.59,65,92,6.29
685,Butaritari,KI,3.07,84.41,98,92,13.78
686,Albany,US,42.65,26.49,42,40,2.26
687,Aksu,KZ,52.04,50.0,81,90,15.66
688,Kota Belud,MY,6.35,89.6,70,75,8.05
689,Ushuaia,AR,-54.81,37.4,100,75,12.75
690,Mataura,NZ,-46.19,46.0,77,8,4.72
691,Qaanaaq,GL,77.48,0.44,71,24,7.63
692,Mataura,NZ,-46.19,46.0,77,8,4.72
693,Cherskiy,RU,68.75,7.64,68,32,3.15
694,Tiksi,RU,71.64,30.14,68,8,3.15
695,Mount Gambier,AU,-37.83,86.0,27,90,21.92
696,Jamestown,AU,-33.21,81.98,23,56,13.67
697,Cotonou,BJ,6.37,78.8,88,20,3.36
698,Hermanus,ZA,-34.42,62.78,86,0,4.38
699,Ushuaia,AR,-54.81,37.4,100,75,12.75
700,Hobart,AU,-42.88,65.64,55,75,10.29
701,Padang,ID,-0.92,89.6,66,20,8.05
702,Roald,NO,62.58,40.98,81,0,5.82
703,Zabid,YE,14.2,72.62,42,76,4.16
704,Rikitea,PF,-23.12,76.22,100,32,16.69
705,East London,ZA,-33.02,60.8,100,90,11.41
706,Toora-Khem,RU,52.47,37.16,50,76,3.15
707,Butaritari,KI,3.07,84.41,98,92,13.78
708,Upernavik,GL,72.79,8.27,100,36,3.49
709,Busselton,AU,-33.64,70.3,24,0,7.96
710,Salalah,OM,17.01,86.0,62,40,6.93
711,Laguna,MX,27.52,58.58,82,8,2.37
712,Barrow,AR,-38.31,51.92,74,0,8.3
713,Mecca,SA,21.43,93.41,36,8,9.19
714,Carnarvon,ZA,-30.97,62.18,48,0,14.34
715,Beloha,MG,-25.17,93.77,40,0,4.38
716,Mataura,NZ,-46.19,46.0,77,8,4.72
717,Sungairaya,ID,0.7,87.29,70,12,4.72
718,Thompson,CA,55.74,8.6,92,5,5.82
719,Punta Arenas,CL,-53.16,48.09,76,75,20.8
720,Ushuaia,AR,-54.81,37.4,100,75,12.75
721,Kieta,PG,-6.22,80.54,96,80,3.83
722,Albany,US,42.65,26.49,42,40,2.26
723,Qaanaaq,GL,77.48,0.44,71,24,7.63
724,Kingsville,US,39.45,49.68,57,40,4.7
725,Ponta do Sol,BR,-20.63,65.06,90,56,3.15
726,San Luis,AR,-33.3,45.35,63,0,4.16
727,Busselton,AU,-33.64,70.3,24,0,7.96
728,Fortuna,ES,38.18,55.17,81,0,1.12
729,Antunez,MX,29.04,61.45,51,5,3.15
730,Veinticinco de Mayo,AR,-27.38,69.02,97,100,3.71
731,Cape Town,ZA,-33.93,63.52,63,20,16.11
732,Bozeman,US,45.68,41.07,80,90,5.82
733,Punta Arenas,CL,-53.16,48.09,76,75,20.8
734,Rikitea,PF,-23.12,76.22,100,32,16.69
735,Punta Arenas,CL,-53.16,48.09,76,75,20.8
736,Ust-Omchug,RU,61.13,22.76,84,0,3.6
737,Longyearbyen,NO,78.22,26.6,79,75,26.4
738,Punta Arenas,CL,-53.16,48.09,76,75,20.8
739,Westport,IE,53.8,39.51,100,75,11.41
740,Deputatskiy,RU,69.3,18.44,75,56,3.04
741,Barsovo,RU,61.17,42.8,41,0,13.42
742,Babushkin,RU,51.72,30.5,59,36,7.96
743,Port Alfred,ZA,-33.59,62.01,96,88,1.01
744,Vaini,IN,15.34,95.93,32,0,6.4
745,Dikson,RU,73.51,20.24,100,44,8.86
746,La Tuque,CA,47.44,10.07,66,0,4.61
747,Castro,CL,-42.48,44.6,100,90,3.36
748,Porto Walter,BR,-8.27,76.85,90,56,1.7
749,Mezen,RU,65.85,34.19,71,12,6.17
750,Fortuna,ES,38.18,55.17,81,0,1.12
751,Hilo,US,19.71,68.77,78,90,3.36
752,Batticaloa,LK,7.71,89.63,77,20,9.19
753,Selenginsk,RU,52.01,35.6,27,75,17.9
754,Norman Wells,CA,65.28,-4.01,76,5,2.24
755,Luderitz,NA,-26.65,64.88,84,0,19.26
756,Tasiilaq,GL,65.61,23.0,73,44,5.82
757,Uaua,BR,-9.84,70.64,94,88,4.5
758,Sibut,CF,5.73,92.6,49,0,8.3
759,Puerto Ayora,EC,-0.74,76.76,100,48,4.94
760,Cidreira,BR,-30.17,71.45,98,100,13.78
761,Sur,OM,22.57,85.85,70,56,3.94
762,Ajdabiya,LY,30.75,78.38,35,88,11.21
763,Casambalangan,PH,18.38,81.53,98,36,9.98
764,Hongjiang,CN,27.21,69.11,71,0,3.15
765,Butaritari,KI,3.07,84.41,98,92,13.78
766,Hobart,AU,-42.88,65.64,55,75,10.29
767,Ushuaia,AR,-54.81,37.4,100,75,12.75
768,Mahebourg,MU,-20.41,84.65,74,75,11.41
769,Cap-aux-Meules,CA,47.38,30.05,95,88,38.72
770,Cabo San Lucas,MX,22.89,66.27,92,32,5.01
771,Ilulissat,GL,69.22,26.6,45,20,19.46
772,Tura,IN,25.52,80.72,67,80,4.61
773,Hermanus,ZA,-34.42,62.78,86,0,4.38
774,Ambon,FR,47.55,44.58,100,92,10.29
775,Punta Arenas,CL,-53.16,48.09,76,75,20.8
776,Nelson Bay,AU,-32.72,70.83,78,40,9.17
777,Atuona,PF,-9.8,83.33,96,92,15.68
778,Hobart,AU,-42.88,65.64,55,75,10.29
779,Simpang,MY,4.82,91.99,59,75,3.36
780,Puerto Ayora,EC,-0.74,76.76,100,48,4.94
781,Upernavik,GL,72.79,8.27,100,36,3.49
782,Gewane,ET,10.16,92.51,39,24,3.94
783,Matveyevka,UA,45.75,51.74,81,0,8.41
784,Faanui,PF,-16.48,84.77,100,64,11.43
785,Kalmunai,LK,7.42,92.06,54,48,6.62
786,Estreito,BR,-22.44,76.75,94,20,3.36
787,Barrow,AR,-38.31,51.92,74,0,8.3
788,Rikitea,PF,-23.12,76.22,100,32,16.69
789,Tuktoyaktuk,CA,69.44,1.61,90,36,3.94
790,Mataura,NZ,-46.19,46.0,77,8,4.72
791,Mar del Plata,AR,-46.43,53.27,68,24,17.36
792,Ushuaia,AR,-54.81,37.4,100,75,12.75
793,Ushuaia,AR,-54.81,37.4,100,75,12.75
794,Tilichiki,RU,60.47,30.77,87,24,5.28
795,Ust-Ishim,RU,57.69,44.63,68,0,3.38
796,New Norfolk,AU,-42.78,65.64,55,75,10.29
797,Barrow,AR,-38.31,51.92,74,0,8.3
798,Saldanha,PT,41.42,42.2,79,48,7.4
799,Ribeira Brava,PT,32.65,55.54,54,20,4.7
800,Kodiak,US,39.95,45.18,93,40,5.82
801,Punta Arenas,CL,-53.16,48.09,76,75,20.8
802,Punta Arenas,CL,-53.16,48.09,76,75,20.8
803,Rikitea,PF,-23.12,76.22,100,32,16.69
804,Kaitangata,NZ,-46.28,46.0,67,8,5.99
805,Barrow,AR,-38.31,51.92,74,0,8.3
806,Jamestown,AU,-33.21,81.98,23,56,13.67
807,Talnakh,RU,69.49,22.22,89,64,15.57
808,Khao Yoi,TH,13.24,96.44,66,20,14.99
809,Hualmay,PE,-11.1,62.09,94,36,1.59
810,Faya,SA,18.39,68.94,60,40,16.11
811,Port Alfred,ZA,-33.59,62.01,96,88,1.01
812,Freeport,BS,26.54,75.86,97,32,16.02
813,Moshi,TZ,-3.36,81.26,63,8,6.73
814,Ushuaia,AR,-54.81,37.4,100,75,12.75
815,Tasiilaq,GL,65.61,23.0,73,44,5.82
816,Barra do Garcas,BR,-15.89,71.27,94,44,3.04
817,Killarney,AU,-28.34,61.0,75,0,7.0
818,Ushuaia,AR,-54.81,37.4,100,75,12.75
819,Grindsted,DK,55.76,46.98,81,12,9.17
820,Avarua,CK,-21.21,71.6,88,68,2.24
821,Santa Cruz,US,36.97,52.36,87,75,1.92
822,Saint-Philippe,CA,45.36,22.55,53,1,4.7
823,Vaini,IN,15.34,95.93,32,0,6.4
824,Flinders,AU,-34.58,66.85,68,90,5.82
825,Port Alfred,ZA,-33.59,62.01,96,88,1.01
826,Carutapera,BR,-1.2,75.95,99,100,1.59
827,Tuktoyaktuk,CA,69.44,1.61,90,36,3.94
828,Sidney,US,47.72,40.26,74,1,3.15
829,Busselton,AU,-33.64,70.3,24,0,7.96
830,Atuona,PF,-9.8,83.33,96,92,15.68
831,Hermanus,ZA,-34.42,62.78,86,0,4.38
832,Bonavista,CA,48.65,28.99,73,64,20.0
833,Aykhal,RU,65.95,25.01,73,80,3.94
834,Saint George,GR,39.45,54.32,76,40,5.82
835,Ketchikan,US,55.34,45.82,93,90,12.75
836,Baturaja,ID,-4.12,82.25,77,92,10.42
837,Bluff,AU,-23.58,80.45,41,44,10.65
838,New Norfolk,AU,-42.78,65.64,55,75,10.29
839,Avarua,CK,-21.21,71.6,88,68,2.24
840,Hofn,IS,64.25,36.62,100,0,11.54
841,Atuona,PF,-9.8,83.33,96,92,15.68
842,Aksu,KZ,52.04,50.0,81,90,15.66
843,Dawson Creek,CA,55.76,25.56,73,90,4.7
844,Saskylakh,RU,71.97,18.62,83,20,7.18
845,Jamestown,AU,-33.21,81.98,23,56,13.67
846,Busselton,AU,-33.64,70.3,24,0,7.96
847,Tuktoyaktuk,CA,69.44,1.61,90,36,3.94
848,Jamestown,AU,-33.21,81.98,23,56,13.67
849,Dikson,RU,73.51,20.24,100,44,8.86
850,Busselton,AU,-33.64,70.3,24,0,7.96
851,Cherskiy,RU,68.75,7.64,68,32,3.15
852,Yellowknife,CA,62.45,1.47,70,5,8.05
853,Ahipara,NZ,-35.17,58.49,100,44,5.73
854,Samarai,PG,-10.62,79.91,100,88,11.43
855,Thiers,FR,45.86,38.19,55,0,4.7
856,Te Anau,NZ,-45.41,32.93,85,12,2.37
857,Qaanaaq,GL,77.48,0.44,71,24,7.63
858,Vaini,IN,15.34,95.93,32,0,6.4
859,Cherskiy,RU,68.75,7.64,68,32,3.15
860,Bitung,ID,1.44,87.8,66,40,9.17
861,Jamestown,AU,-33.21,81.98,23,56,13.67
862,Mecca,SA,21.43,93.41,36,8,9.19
863,Hobart,AU,-42.88,65.64,55,75,10.29
864,Ushuaia,AR,-54.81,37.4,100,75,12.75
865,Hermanus,ZA,-34.42,62.78,86,0,4.38
866,Port Elizabeth,US,39.31,46.98,42,75,11.41
867,Puerto Ayora,EC,-0.74,76.76,100,48,4.94
868,Upernavik,GL,72.79,8.27,100,36,3.49
869,Albany,US,42.65,26.49,42,40,2.26
870,Lorengau,PG,-2.02,81.44,100,92,5.17
871,Hamilton,CA,43.26,32.88,80,90,13.87
872,Lavrentiya,RU,65.58,13.76,74,0,9.42
873,Banda Aceh,ID,5.56,86.39,73,64,3.71
874,Dikson,RU,73.51,20.24,100,44,8.86
875,Camacari,BR,-12.7,80.6,83,75,4.7
876,Kodiak,US,39.95,45.18,93,40,5.82
877,Olinda,EC,-2.03,77.0,88,75,8.05
878,Busselton,AU,-33.64,70.3,24,0,7.96
879,Pevek,RU,69.7,8.9,85,48,2.59
880,Padampur,IN,29.71,99.53,36,80,4.38
881,Almaznyy,RU,48.03,48.2,78,0,4.47
882,Hermanus,ZA,-34.42,62.78,86,0,4.38
883,Khatanga,RU,71.98,21.32,91,68,12.21
884,Presidencia Roque Saenz Pena,AR,-26.79,60.83,73,68,18.03
885,Butaritari,KI,3.07,84.41,98,92,13.78
886,East London,ZA,-33.02,60.8,100,90,11.41
887,New Norfolk,AU,-42.78,65.64,55,75,10.29
888,Albany,US,42.65,26.49,42,40,2.26
889,Gwadar,PK,25.12,94.76,45,48,8.08
890,San Policarpo,PH,12.18,80.36,92,80,8.75
891,Nikolskoye,RU,59.7,47.97,45,0,4.47
892,Kapaa,US,22.08,68.36,73,40,6.29
893,Usak,TR,38.67,53.69,62,20,3.36
894,Barrow,AR,-38.31,51.92,74,0,8.3
895,Mataura,NZ,-46.19,46.0,77,8,4.72
896,Port Lincoln,AU,-34.72,65.69,86,0,18.25
897,Tasiilaq,GL,65.61,23.0,73,44,5.82
898,Busselton,AU,-33.64,70.3,24,0,7.96
899,Georgetown,GY,6.8,77.39,73,24,6.17
900,Zyryanka,RU,65.73,22.13,88,12,4.05
901,Bredasdorp,ZA,-34.53,60.33,87,68,3.36
902,Busselton,AU,-33.64,70.3,24,0,7.96
903,Saint George,GR,39.45,54.32,76,40,5.82
904,Storforshei,NO,66.4,30.43,84,0,13.87
905,Rikitea,PF,-23.12,76.22,100,32,16.69
906,Port Alfred,ZA,-33.59,62.01,96,88,1.01
907,Melnikovo,RU,56.55,42.03,37,56,11.99
908,Xining,CN,36.62,56.96,17,68,8.97
909,Dharchula,IN,29.85,49.04,88,56,0.47
910,Mataura,NZ,-46.19,46.0,77,8,4.72
911,Aleksandrov Gay,RU,50.14,44.0,100,12,6.17
912,Georgetown,GY,6.8,77.39,73,24,6.17
913,Soroti,UG,1.71,91.07,38,0,13.0
914,Ushuaia,AR,-54.81,37.4,100,75,12.75
915,Ushuaia,AR,-54.81,37.4,100,75,12.75
916,Goderich,CA,43.74,32.25,72,88,1.01
917,Smithers,CA,54.78,37.4,93,90,3.36
918,Kruisfontein,ZA,-34.0,61.46,92,44,5.39
919,Atuona,PF,-9.8,83.33,96,92,15.68
920,Vardo,US,39.62,48.88,61,90,3.36
921,Tura,IN,25.52,80.72,67,80,4.61
922,Severo-Kurilsk,RU,50.68,33.02,96,92,9.86
923,Avarua,CK,-21.21,71.6,88,68,2.24
924,Axim,GH,4.87,85.31,93,44,14.79
925,Yellowknife,CA,62.45,1.47,70,5,8.05
926,Busselton,AU,-33.64,70.3,24,0,7.96
927,Busselton,AU,-33.64,70.3,24,0,7.96
928,Cascais,PT,38.7,48.25,76,40,14.99
929,Puerto Ayora,EC,-0.74,76.76,100,48,4.94
930,Pisco,PE,-13.71,68.0,88,0,5.82
931,Torbay,CA,47.66,29.19,68,5,26.4
932,Zhuanghe,CN,39.7,45.0,94,24,1.99
933,Bethel,US,60.79,27.95,68,1,16.11
934,Pierre,US,44.37,39.74,93,75,8.05
935,Vaini,IN,15.34,95.93,32,0,6.4
936,Ribeira Grande,PT,38.52,55.4,58,75,6.93
937,Hilo,US,19.71,68.77,78,90,3.36
938,Longyearbyen,NO,78.22,26.6,79,75,26.4
939,Luderitz,NA,-26.65,64.88,84,0,19.26
940,Puerto Ayora,EC,-0.74,76.76,100,48,4.94
941,Saint-Philippe,CA,45.36,22.55,53,1,4.7
942,Ribeira Grande,PT,38.52,55.4,58,75,6.93
943,Ayala,PH,15.23,89.06,46,75,4.7
944,Busselton,AU,-33.64,70.3,24,0,7.96
945,Jamame,SO,0.07,93.77,55,0,9.64
946,Carthage,US,32.16,59.16,93,90,9.17
947,Atuona,PF,-9.8,83.33,96,92,15.68
948,Divnomorskoye,RU,44.5,55.07,55,12,1.7
949,Dingle,PH,11.0,89.45,48,56,5.95
950,Mar del Plata,AR,-46.43,53.27,68,24,17.36
951,Montepuez,MZ,-13.13,83.78,70,0,5.28
952,Hermanus,ZA,-34.42,62.78,86,0,4.38
953,Avarua,CK,-21.21,71.6,88,68,2.24
954,Vaini,IN,15.34,95.93,32,0,6.4
955,Bilma,NE,18.69,97.1,16,0,10.76
956,Ushuaia,AR,-54.81,37.4,100,75,12.75
957,Ushuaia,AR,-54.81,37.4,100,75,12.75
958,Ushuaia,AR,-54.81,37.4,100,75,12.75
959,Cape Town,ZA,-33.93,63.52,63,20,16.11
960,Kodiak,US,39.95,45.18,93,40,5.82
961,Buala,SB,-8.15,84.23,84,92,6.96
962,Peniche,PT,39.36,46.45,81,20,5.82
963,Vanimo,PG,-2.67,82.97,100,92,6.73
964,Victoria,BN,5.28,87.44,70,75,5.82
965,Atuona,PF,-9.8,83.33,96,92,15.68
966,Klyuchi,RU,52.25,51.29,100,92,6.85
967,Palana,RU,59.08,31.4,71,12,8.75
968,Saint-Francois,FR,46.42,36.39,97,0,1.12
969,Busselton,AU,-33.64,70.3,24,0,7.96
970,Vaini,IN,15.34,95.93,32,0,6.4
971,Port Lincoln,AU,-34.72,65.69,86,0,18.25
972,Mataura,NZ,-46.19,46.0,77,8,4.72
973,Albany,US,42.65,26.49,42,40,2.26
974,Kenai,US,60.55,33.51,74,90,18.34
975,Bluff,AU,-23.58,80.45,41,44,10.65
976,Geraldton,CA,49.72,26.6,68,75,12.75
977,Blackwater,GB,51.33,46.83,75,68,13.87
978,Chuy,UY,-33.69,65.96,89,20,26.08
979,Qaanaaq,GL,77.48,0.44,71,24,7.63
980,Cidreira,BR,-30.17,71.45,98,100,13.78
981,Bethel,US,60.79,27.95,68,1,16.11
982,Rikitea,PF,-23.12,76.22,100,32,16.69
983,Puerto Ayora,EC,-0.74,76.76,100,48,4.94
984,Gharghoda,IN,22.18,97.82,32,32,9.08
985,Kapaa,US,22.08,68.36,73,40,6.29
986,Ponta do Sol,BR,-20.63,65.06,90,56,3.15
987,Meulaboh,ID,4.14,86.21,97,44,6.17
988,Mataura,NZ,-46.19,46.0,77,8,4.72
989,Bluff,AU,-23.58,80.45,41,44,10.65
990,Tuktoyaktuk,CA,69.44,1.61,90,36,3.94
991,Kosum Phisai,TH,16.25,95.0,50,20,3.36
992,Bredasdorp,ZA,-34.53,60.33,87,68,3.36
993,Cranbrook,CA,49.51,41.0,60,40,5.82
994,Hithadhoo,MV,-0.6,84.41,100,0,5.39
995,Isiro,CD,2.77,91.34,44,0,2.93
996,Ushuaia,AR,-54.81,37.4,100,75,12.75
997,Hasaki,JP,35.73,66.85,34,20,26.4
998,Hobart,AU,-42.88,65.64,55,75,10.29
999,Victoria,BN,5.28,87.44,70,75,5.82
1000,Baruun-Urt,MN,46.68,40.04,22,80,13.89
1001,Puerto Ayora,EC,-0.74,76.76,100,48,4.94
1002,Kochubey,RU,44.39,51.56,89,0,6.06
1003,Yellowknife,CA,62.45,1.47,70,5,8.05
1004,Puerto Ayora,EC,-0.74,76.76,100,48,4.94
1005,Arraial do Cabo,BR,-22.97,77.39,93,0,18.25
1006,Biri,NO,60.95,32.0,89,92,11.01
1007,Kapaa,US,22.08,68.36,73,40,6.29
1008,Cape Town,ZA,-33.93,63.52,63,20,16.11
1009,Butaritari,KI,3.07,84.41,98,92,13.78
1010,Vaini,IN,15.34,95.93,32,0,6.4
1011,Avarua,CK,-21.21,71.6,88,68,2.24
1012,Bluff,AU,-23.58,80.45,41,44,10.65
1013,Durban,FR,43.54,46.63,70,0,11.41
1014,Taoudenni,ML,22.68,73.61,30,24,10.2
1015,Vila Velha,BR,-3.71,75.4,88,75,4.7
1016,Rikitea,PF,-23.12,76.22,100,32,16.69
1017,Dali,CN,25.6,58.22,78,64,2.37
1018,Kruisfontein,ZA,-34.0,61.46,92,44,5.39
1019,Kaitangata,NZ,-46.28,46.0,67,8,5.99
1020,Chuy,UY,-33.69,65.96,89,20,26.08
1021,Kapaa,US,22.08,68.36,73,40,6.29
1022,Kiunga,PG,-6.12,77.57,92,88,2.04
1023,Olinda,EC,-2.03,77.0,88,75,8.05
1024,Punta Arenas,CL,-53.16,48.09,76,75,20.8
1025,Albany,US,42.65,26.49,42,40,2.26
1026,Iqaluit,CA,63.75,1.15,84,90,27.51
1027,Lebu,ET,8.96,72.26,48,36,7.52
1028,Saku,JP,36.21,62.6,14,20,18.34
1029,Revelstoke,CA,50.99,37.4,93,1,2.24
1030,San Pedro,AR,-33.68,53.01,90,0,1.01
1031,Pevek,RU,69.7,8.9,85,48,2.59
1032,Castro,CL,-42.48,44.6,100,90,3.36
1033,Bredasdorp,ZA,-34.53,60.33,87,68,3.36
1034,Ribeira Grande,PT,38.52,55.4,58,75,6.93
1035,Geraldton,CA,49.72,26.6,68,75,12.75
1036,Puerto Ayora,EC,-0.74,76.76,100,48,4.94
1037,Buenos Aires,AR,-34.61,57.45,82,75,9.17
1038,Hofn,IS,64.25,36.62,100,0,11.54
1039,Bagru,IN,26.81,102.2,11,40,4.7
1040,Pevek,RU,69.7,8.9,85,48,2.59
1041,Hermanus,ZA,-34.42,62.78,86,0,4.38
1042,Mataura,NZ,-46.19,46.0,77,8,4.72
1043,Vaini,IN,15.34,95.93,32,0,6.4
1044,Rikitea,PF,-23.12,76.22,100,32,16.69
1045,Chicama,PE,-7.84,66.2,93,0,4.7
1046,Beroroha,MG,-21.68,89.09,49,68,2.37
1047,Dawei,MM,14.07,88.64,67,8,2.04
1048,East London,ZA,-33.02,60.8,100,90,11.41
1049,Port Lincoln,AU,-34.72,65.69,86,0,18.25
1050,Kapaa,US,22.08,68.36,73,40,6.29
1051,Vaini,IN,15.34,95.93,32,0,6.4
1052,Matadi,CD,-5.83,83.69,79,92,5.17
1053,Punta Arenas,CL,-53.16,48.09,76,75,20.8
1054,Ocsa,HU,47.3,57.0,43,0,17.22
1055,Rikitea,PF,-23.12,76.22,100,32,16.69
1056,Palmas,BR,-10.18,73.07,97,92,4.72
1057,Ostrovnoy,RU,68.05,29.33,96,20,6.96
1058,Bathsheba,BB,13.22,77.0,73,40,20.8
1059,Kemin,KG,42.79,42.02,92,88,1.81
1060,Kavieng,PG,-2.57,84.59,100,32,5.61
1061,Pangnirtung,CA,66.15,12.2,72,90,14.99
1062,Port Alfred,ZA,-33.59,62.01,96,88,1.01
1063,Fairbanks,US,64.84,24.55,41,1,9.17
1064,Kapaa,US,22.08,68.36,73,40,6.29
1065,Kaitangata,NZ,-46.28,46.0,67,8,5.99
1066,Kapaa,US,22.08,68.36,73,40,6.29
1067,Busselton,AU,-33.64,70.3,24,0,7.96
1068,Date,JP,42.53,42.53,86,75,13.87
1069,Haines Junction,CA,60.75,17.99,87,80,2.15
1070,Winsum,NL,53.33,42.89,93,90,3.36
1071,Haikou,CN,20.04,80.6,83,75,6.71
1072,Sisimiut,GL,66.94,20.33,87,64,4.16
1073,Saint-Philippe,CA,45.36,22.55,53,1,4.7
1074,Fort Nelson,CA,58.81,14.0,78,90,2.24
1075,Kosh-Agach,RU,49.99,43.64,39,20,10.31
1076,Puerto Escondido,MX,15.86,82.79,100,32,9.98
1077,Rikitea,PF,-23.12,76.22,100,32,16.69
1078,Hobart,AU,-42.88,65.64,55,75,10.29
1079,Atuona,PF,-9.8,83.33,96,92,15.68
1080,Upernavik,GL,72.79,8.27,100,36,3.49
1081,Saint-Philippe,CA,45.36,22.55,53,1,4.7
1082,Port Alfred,ZA,-33.59,62.01,96,88,1.01
1083,Cape Town,ZA,-33.93,63.52,63,20,16.11
1084,Russell,AR,-33.01,57.2,44,0,2.37
1085,Busselton,AU,-33.64,70.3,24,0,7.96
1086,Albany,US,42.65,26.49,42,40,2.26
1087,Ushuaia,AR,-54.81,37.4,100,75,12.75
1088,Tuktoyaktuk,CA,69.44,1.61,90,36,3.94
1089,Matagami,NG,9.67,85.13,54,0,5.5
1090,Ahipara,NZ,-35.17,58.49,100,44,5.73
1091,Ashland,US,38.48,54.36,71,90,2.37
1092,Punta Arenas,CL,-53.16,48.09,76,75,20.8
1093,Rock Springs,US,41.59,42.8,56,20,4.7
1094,Nanding,CN,24.87,69.29,69,0,3.15
1095,East London,ZA,-33.02,60.8,100,90,11.41
1096,Cape Town,ZA,-33.93,63.52,63,20,16.11
1097,Hilo,US,19.71,68.77,78,90,3.36
1098,Clyde River,CA,70.47,-7.61,83,1,4.7
1099,Jamestown,AU,-33.21,81.98,23,56,13.67
1100,Hella,IS,63.84,33.12,74,40,6.93
1101,Tilichiki,RU,60.47,30.77,87,24,5.28
1102,Galveston,US,40.58,40.57,87,20,10.29
1103,Victoria,BN,5.28,87.44,70,75,5.82
1104,Bosaso,SO,11.28,91.4,29,0,25.28
1105,Punta Arenas,CL,-53.16,48.09,76,75,20.8
1106,Japura,ID,-0.42,83.51,80,24,2.71
1107,Provideniya,RU,64.42,20.87,96,0,17.36
1108,Yellowknife,CA,62.45,1.47,70,5,8.05
1109,Nikolskoye,RU,59.7,47.97,45,0,4.47
1110,Ushuaia,AR,-54.81,37.4,100,75,12.75
1111,Puerto Ayora,EC,-0.74,76.76,100,48,4.94
1112,Valer,ES,41.76,42.47,72,24,11.54
1113,Sao Francisco do Sul,BR,-26.24,75.0,96,20,7.74
1114,Khatanga,RU,71.98,21.32,91,68,12.21
1115,Hoyanger,NO,61.22,44.01,83,0,1.12
1116,Lebu,ET,8.96,72.26,48,36,7.52
1117,Ambon,FR,47.55,44.58,100,92,10.29
1118,Albany,US,42.65,26.49,42,40,2.26
1119,Hermanus,ZA,-34.42,62.78,86,0,4.38
1120,Gola Gokarannath,IN,28.07,98.63,36,0,4.16
1121,San Patricio,PY,-26.98,64.79,99,92,8.75
1122,Kamenka,RU,53.19,37.99,75,80,8.19
1123,Ler,NO,63.2,45.14,56,0,21.92
1124,De-Kastri,RU,51.48,32.12,85,64,11.65
1125,Bethel,US,60.79,27.95,68,1,16.11
1126,Qitaihe,CN,45.77,38.06,57,56,8.75
1127,Punta Arenas,CL,-53.16,48.09,76,75,20.8
1128,Belmopan,BZ,17.25,74.12,83,0,4.7
1129,Laguna,MX,27.52,58.58,82,8,2.37
1130,Vaini,IN,15.34,95.93,32,0,6.4
1131,Rikitea,PF,-23.12,76.22,100,32,16.69
1132,Quang Ngai,VN,15.12,80.81,63,92,3.15
1133,Ocampo,PH,13.56,84.14,71,0,7.29
1134,Bluff,AU,-23.58,80.45,41,44,10.65
1135,Busselton,AU,-33.64,70.3,24,0,7.96
1136,Jamestown,AU,-33.21,81.98,23,56,13.67
1137,Atuona,PF,-9.8,83.33,96,92,15.68
1138,Busselton,AU,-33.64,70.3,24,0,7.96
1139,Cape Town,ZA,-33.93,63.52,63,20,16.11
1140,Port Alfred,ZA,-33.59,62.01,96,88,1.01
1141,Rikitea,PF,-23.12,76.22,100,32,16.69
1142,Te Anau,NZ,-45.41,32.93,85,12,2.37
1143,Khatanga,RU,71.98,21.32,91,68,12.21
1144,Hobart,AU,-42.88,65.64,55,75,10.29
1145,Rikitea,PF,-23.12,76.22,100,32,16.69
1146,Salym,RU,60.06,47.15,46,0,7.52
1147,Soyo,AO,-6.13,83.96,86,88,2.59
1148,Bongandanga,CD,1.51,84.77,81,0,3.04
1149,Ajdabiya,LY,30.75,78.38,35,88,11.21
1150,Mitu,IR,36.2,53.63,55,68,3.71
1151,Pak Phanang,TH,8.35,93.2,56,20,11.41
1152,Lavrentiya,RU,65.58,13.76,74,0,9.42
1153,Upernavik,GL,72.79,8.27,100,36,3.49
1154,Punta Arenas,CL,-53.16,48.09,76,75,20.8
1155,Bluff,AU,-23.58,80.45,41,44,10.65
1156,Lerwick,GB,60.15,46.4,93,40,4.7
1157,Atuona,PF,-9.8,83.33,96,92,15.68
1158,Vaini,IN,15.34,95.93,32,0,6.4
1159,Dikson,RU,73.51,20.24,100,44,8.86
1160,Codrington,AU,-28.95,70.95,73,90,3.94
1161,Jamestown,AU,-33.21,81.98,23,56,13.67
1162,Cabo San Lucas,MX,22.89,66.27,92,32,5.01
1163,Tigil,RU,57.8,31.76,86,12,9.75
1164,Busselton,AU,-33.64,70.3,24,0,7.96
1165,Hobart,AU,-42.88,65.64,55,75,10.29
1166,Vila Velha,BR,-3.71,75.4,88,75,4.7
1167,Mar del Plata,AR,-46.43,53.27,68,24,17.36
1168,Rikitea,PF,-23.12,76.22,100,32,16.69
1169,Egvekinot,RU,66.32,5.39,71,12,2.71
1170,Port Alfred,ZA,-33.59,62.01,96,88,1.01
1171,Mackay,CA,53.65,32.0,92,90,5.82
1172,Sao Sebastiao,BR,-3.15,76.85,91,56,5.17
1173,Saint-Philippe,CA,45.36,22.55,53,1,4.7
1174,Lebu,ET,8.96,72.26,48,36,7.52
1175,Kilindoni,TZ,-7.91,79.82,100,80,1.14
1176,Kapaa,US,22.08,68.36,73,40,6.29
1177,Thompson,CA,55.74,8.6,92,5,5.82
1178,Port Elizabeth,US,39.31,46.98,42,75,11.41
1179,Punta Arenas,CL,-53.16,48.09,76,75,20.8
1180,Derzhavinsk,KZ,51.1,49.04,97,32,9.42
1181,Port Alfred,ZA,-33.59,62.01,96,88,1.01
1182,Camargo,MX,27.69,55.52,31,56,4.94
1183,Diamantino,BR,-14.4,75.14,91,44,6.73
1184,Derbent,RU,42.06,52.64,77,0,3.6
1185,New Norfolk,AU,-42.78,65.64,55,75,10.29
1186,Vao,EE,59.1,48.14,78,12,4.83
1187,Busselton,AU,-33.64,70.3,24,0,7.96
1188,Kaeo,NZ,-35.1,54.62,87,24,6.4
1189,Rikitea,PF,-23.12,76.22,100,32,16.69
1190,San Patricio,PY,-26.98,64.79,99,92,8.75
1191,Baghdad,IQ,33.3,71.36,61,68,17.36
1192,Udachnyy,RU,66.42,27.08,56,48,3.27
1193,Moranbah,AU,-22.0,77.3,52,8,14.34
1194,Severo-Kurilsk,RU,50.68,33.02,96,92,9.86
1195,Praia da Vitoria,PT,38.73,53.8,66,40,18.25
1196,Pryazha,RU,61.69,44.6,45,0,4.72
1197,Alibag,IN,18.64,88.54,62,20,9.17
1198,Cape Town,ZA,-33.93,63.52,63,20,16.11
1199,Chokurdakh,RU,70.62,11.24,77,24,2.71
1200,San Patricio,PY,-26.98,64.79,99,92,8.75
1201,Umm Lajj,SA,25.02,78.92,65,0,12.33
1202,Makakilo City,US,21.35,71.82,68,1,3.36
1203,Bluff,AU,-23.58,80.45,41,44,10.65
1204,Yellowknife,CA,62.45,1.47,70,5,8.05
1205,Punta Arenas,CL,-53.16,48.09,76,75,20.8
1206,Coihueco,CL,-36.63,46.4,87,0,8.05
1207,Jaten,ID,-7.39,89.38,63,40,6.93
1208,Iqaluit,CA,63.75,1.15,84,90,27.51
1209,Dolores,UY,-33.53,58.76,83,0,16.8
1210,Hasaki,JP,35.73,66.85,34,20,26.4
1211,Cayenne,GF,4.94,75.2,94,90,1.12
1212,Yulara,AU,-25.24,95.0,10,0,9.17
1213,Port Elizabeth,US,39.31,46.98,42,75,11.41
1214,Cape Town,ZA,-33.93,63.52,63,20,16.11
1215,Denizli,TR,37.77,50.0,71,20,6.93
1216,Great Yarmouth,GB,52.61,48.22,87,0,11.41
1217,East London,ZA,-33.02,60.8,100,90,11.41
1218,Rikitea,PF,-23.12,76.22,100,32,16.69
1219,Upernavik,GL,72.79,8.27,100,36,3.49
1220,Rikitea,PF,-23.12,76.22,100,32,16.69
1221,Santa Teresa,VE,10.26,64.0,73,92,2.93
1222,Puerto Ayora,EC,-0.74,76.76,100,48,4.94
1223,Hami,CN,42.84,76.58,30,0,9.98
1224,Saint Anthony,US,43.97,43.47,75,90,4.7
1225,Mataura,NZ,-46.19,46.0,77,8,4.72
1226,Huarmey,PE,-10.07,60.47,92,24,2.71
1227,Vaini,IN,15.34,95.93,32,0,6.4
1228,Rikitea,PF,-23.12,76.22,100,32,16.69
1229,Busselton,AU,-33.64,70.3,24,0,7.96
1230,Atuona,PF,-9.8,83.33,96,92,15.68
1231,Camacha,PT,33.08,58.21,76,40,20.8
1232,Taksimo,RU,56.36,24.83,47,76,3.15
1233,Shugurovo,RU,54.51,37.79,95,56,5.06
1234,Mahebourg,MU,-20.41,84.65,74,75,11.41
1235,Orbetello,IT,42.44,48.25,87,20,3.36
1236,Ribas do Rio Pardo,BR,-20.45,72.53,90,0,8.19
1237,Kavieng,PG,-2.57,84.59,100,32,5.61
1238,Aksu,KZ,52.04,50.0,81,90,15.66
1239,Tasiilaq,GL,65.61,23.0,73,44,5.82
1240,Samarai,PG,-10.62,79.91,100,88,11.43
1241,Sioux Lookout,CA,50.1,31.26,92,90,8.05
1242,Chokurdakh,RU,70.62,11.24,77,24,2.71
1243,Meghradzor,AM,40.61,52.97,54,8,1.12
1244,Ushuaia,AR,-54.81,37.4,100,75,12.75
1245,Yarmouth,GB,50.71,48.04,71,75,23.04
1246,Ribeira Grande,PT,38.52,55.4,58,75,6.93
1247,Bonthe,SL,7.53,79.46,84,32,3.15
1248,Albany,US,42.65,26.49,42,40,2.26
1249,Yellowknife,CA,62.45,1.47,70,5,8.05
1250,Puerto Carreno,CO,6.19,70.82,70,12,3.6
1251,Luancheng,CN,37.88,75.2,29,0,13.42
1252,Rikitea,PF,-23.12,76.22,100,32,16.69
1253,Avarua,CK,-21.21,71.6,88,68,2.24
1254,Abnub,EG,27.27,73.88,51,32,5.5
1255,Geraldton,CA,49.72,26.6,68,75,12.75
1256,Kaitangata,NZ,-46.28,46.0,67,8,5.99
1257,Port Blair,IN,11.67,85.58,100,8,3.15
1258,Anadyr,RU,64.73,12.09,78,0,4.47
1259,Kapaa,US,22.08,68.36,73,40,6.29
1260,Leningradskiy,RU,69.38,1.7,69,0,3.6
1261,Punta Arenas,CL,-53.16,48.09,76,75,20.8
1262,Bluff,AU,-23.58,80.45,41,44,10.65
1263,Souillac,FR,45.6,46.65,56,0,11.41
1264,Makokou,GA,0.56,71.45,100,92,2.93
1265,Ibra,OM,22.69,91.79,25,92,3.04
1266,Labuhan,ID,-2.54,81.44,76,92,3.04
1267,Puerto Ayora,EC,-0.74,76.76,100,48,4.94
1268,Hilo,US,19.71,68.77,78,90,3.36
1269,Mopipi,BW,-21.2,87.2,26,12,11.65
1270,Makat,KZ,47.65,50.21,100,92,5.06
1271,Kamina,CD,-8.74,81.08,80,64,3.83
1272,Punta Arenas,CL,-53.16,48.09,76,75,20.8
1273,Albany,US,42.65,26.49,42,40,2.26
1274,Nchelenge,ZM,-9.35,78.74,76,64,3.49
1275,Port Elizabeth,US,39.31,46.98,42,75,11.41
1276,Nome,US,30.04,69.39,94,90,3.36
1277,Scarborough,GB,54.28,46.47,87,20,9.17
1278,Cabo San Lucas,MX,22.89,66.27,92,32,5.01
1279,Lolodorf,CM,3.23,75.41,92,68,3.38
1280,Busselton,AU,-33.64,70.3,24,0,7.96
1281,Lebu,ET,8.96,72.26,48,36,7.52
1282,New Norfolk,AU,-42.78,65.64,55,75,10.29
1283,Yeppoon,AU,-23.13,80.6,54,75,8.05
1284,Rikitea,PF,-23.12,76.22,100,32,16.69
1285,Mataura,NZ,-46.19,46.0,77,8,4.72
1286,Dunedin,NZ,-45.87,48.0,73,56,2.71
1287,Tilichiki,RU,60.47,30.77,87,24,5.28
1288,Namibe,AO,-15.19,78.74,100,0,5.95
1289,Punta Arenas,CL,-53.16,48.09,76,75,20.8
1290,Jamestown,AU,-33.21,81.98,23,56,13.67
1291,Punta Arenas,CL,-53.16,48.09,76,75,20.8
1292,Rocha,UY,-34.48,59.84,89,44,15.79
1293,Lewisporte,CA,49.25,24.71,62,75,27.51
1294,Saldanha,PT,41.42,42.2,79,48,7.4
1295,Richards Bay,ZA,-28.77,67.49,100,100,13.78
1296,Butaritari,KI,3.07,84.41,98,92,13.78
1297,Port Lincoln,AU,-34.72,65.69,86,0,18.25
1298,Hwange,ZW,-18.35,86.57,34,0,13.67
1299,Bredasdorp,ZA,-34.53,60.33,87,68,3.36
1300,Hithadhoo,MV,-0.6,84.41,100,0,5.39
1301,Fukue,JP,35.03,64.47,63,75,12.75
1302,Samarai,PG,-10.62,79.91,100,88,11.43
1303,Busselton,AU,-33.64,70.3,24,0,7.96
1304,Sao Gabriel da Cachoeira,BR,-0.13,75.95,95,64,2.15
1305,Georgetown,GY,6.8,77.39,73,24,6.17
1306,Zhigansk,RU,66.77,32.21,55,20,6.51
1307,Dikson,RU,73.51,20.24,100,44,8.86
1308,Alice Springs,AU,-23.7,91.4,17,0,8.05
1309,Cuiluan,CN,47.72,42.11,27,68,7.29
1310,Sao Joao da Barra,BR,-21.64,81.08,96,0,20.49
1311,Rapid Valley,US,44.06,41.58,100,1,3.36
1312,Kruisfontein,ZA,-34.0,61.46,92,44,5.39
1313,Nara,JP,34.68,64.67,32,0,14.99
1314,Barrow,AR,-38.31,51.92,74,0,8.3
1315,Port Blair,IN,11.67,85.58,100,8,3.15
1316,Ahuimanu,US,21.44,71.71,73,90,5.82
1317,Bell Ville,AR,-32.63,55.7,59,0,13.22
1318,Bredasdorp,ZA,-34.53,60.33,87,68,3.36
1319,Sassandra,CI,4.95,82.61,99,76,13.67
1320,Santiago del Estero,AR,-27.8,60.47,63,8,10.65
1321,Esmeraldas,BR,-19.76,69.8,88,20,2.24
1322,Butaritari,KI,3.07,84.41,98,92,13.78
1323,Lata,IN,30.78,55.07,100,24,1.59
1324,Klaksvik,FO,62.23,44.6,70,12,9.17
1325,Codrington,AU,-28.95,70.95,73,90,3.94
1326,Kavieng,PG,-2.57,84.59,100,32,5.61
1327,Richards Bay,ZA,-28.77,67.49,100,100,13.78
1328,Ponta do Sol,BR,-20.63,65.06,90,56,3.15
1329,Rikitea,PF,-23.12,76.22,100,32,16.69
1330,Castro,CL,-42.48,44.6,100,90,3.36
1331,Sola,NO,58.89,54.52,50,0,12.75
1332,Ushuaia,AR,-54.81,37.4,100,75,12.75
1333,Jiayuguan,CN,39.77,53.36,58,8,11.43
1334,Karratha,AU,-20.74,100.52,10,0,9.31
1335,Bluff,AU,-23.58,80.45,41,44,10.65
1336,Puerto Ayora,EC,-0.74,76.76,100,48,4.94
1337,Airai,TL,-8.93,80.09,56,20,2.59
1338,Lorengau,PG,-2.02,81.44,100,92,5.17
1339,Souillac,FR,45.6,46.65,56,0,11.41
1340,Port Alfred,ZA,-33.59,62.01,96,88,1.01
1341,Ushuaia,AR,-54.81,37.4,100,75,12.75
1342,Fort Morgan,US,40.25,49.08,61,20,6.93
1343,Vozuca,BA,44.36,56.12,51,40,18.34
1344,Mataura,NZ,-46.19,46.0,77,8,4.72
1345,Ust-Barguzin,RU,53.41,27.26,50,36,6.17
1346,Vestmanna,FO,62.16,44.6,70,12,9.17
1347,Hermanus,ZA,-34.42,62.78,86,0,4.38
1348,Tasiilaq,GL,65.61,23.0,73,44,5.82
1349,Qaanaaq,GL,77.48,0.44,71,24,7.63
1350,Puerto Ayora,EC,-0.74,76.76,100,48,4.94
